alcaldia,colonia
Álvaro Obregón,Alpes
Álvaro Obregón,Alpuyeca
Álvaro Obregón,Altavista
Álvaro Obregón,Ampliación Alpes
Álvaro Obregón,Ampliación Las Aguilas
Álvaro Obregón,Ampliación Miguel Hidalgo
Álvaro Obregón,Atlamaya
Álvaro Obregón,Axotla
Álvaro Obregón,Barrio la Concepción Tlacopac
Álvaro Obregón,Barrio San Bartolo
Álvaro Obregón,Barrio San Pedro
Álvaro Obregón,Barrio Santa Lucía
Álvaro Obregón,Belen de las Flores
Álvaro Obregón,Carola
Álvaro Obregón,Colinas del Sur
Álvaro Obregón,Conjunto Urbano Nonoalco Tlatelolco
Álvaro Obregón,Corpus Christi
Álvaro Obregón,El Árbol
Álvaro Obregón,El Yermo
Álvaro Obregón,Florida
Álvaro Obregón,General Pedro María Anaya
Álvaro Obregón,Guadalupe Inn
Álvaro Obregón,Héroes de Padierna
Álvaro Obregón,Huayatla
Álvaro Obregón,Jalalpa el Grande
Álvaro Obregón,Jalalpa Tepito
Álvaro Obregón,La Joya
Álvaro Obregón,La Malinche
Álvaro Obregón,Lomas de Becerra
Álvaro Obregón,Lomas de Guadalupe
Álvaro Obregón,Lomas de Plateros
Álvaro Obregón,Lomas de San Ángel Inn
Álvaro Obregón,Lomas de Santa Fe
Álvaro Obregón,Lomas del Chamizal
Álvaro Obregón,Los Alpes
Álvaro Obregón,Los Ángeles Apanoaya
Álvaro Obregón,Merced Gómez
Álvaro Obregón,Miguel Hidalgo 1a Sección
Álvaro Obregón,Miguel Hidalgo 2a Sección
Álvaro Obregón,Miguel Hidalgo 3a Sección
Álvaro Obregón,Miguel Hidalgo 4a Sección
Álvaro Obregón,Olivar de los Padres
Álvaro Obregón,Olivar del Conde 1a Sección
Álvaro Obregón,Olivar del Conde 2a Sección
Álvaro Obregón,Piloto Adolfo López Mateos
Álvaro Obregón,Pintera
Álvaro Obregón,Presidentes
Álvaro Obregón,Presidentes Ejidales 1a Sección
Álvaro Obregón,Presidentes Ejidales 2a Sección
Álvaro Obregón,Pueblo de Santa Rosa Xochiac
Álvaro Obregón,Pueblo Santa Fe
Álvaro Obregón,Puente Colorado
Álvaro Obregón,San Ángel
Álvaro Obregón,San Ángel Inn
Álvaro Obregón,San Bartolo Ameyalco
Álvaro Obregón,San Clemente Norte
Álvaro Obregón,San Clemente Sur
Álvaro Obregón,San Jerónimo Lídice
Álvaro Obregón,San José del Olivar
Álvaro Obregón,San Sebastián Tecoloxtitlán
Álvaro Obregón,Santa Rosa
Álvaro Obregón,Santa Rosa de Lima
Álvaro Obregón,Tlacopac
Álvaro Obregón,Tlacoquemécatl del Valle
Álvaro Obregón,Tlapechico
Álvaro Obregón,Unidad Habitacional Las Águilas
Álvaro Obregón,Unidad San Clemente
Álvaro Obregón,Vértiz Narvarte
Álvaro Obregón,Villa Progreso
Álvaro Obregón,Vista Hermosa
Azcapotzalco,Aldana
Azcapotzalco,Ampliación Casas Alemán
Azcapotzalco,Ampliación Del Maestro
Azcapotzalco,Ampliación Providencia
Azcapotzalco,Azcapotzalco
Azcapotzalco,Barrio la Concepción
Azcapotzalco,Barrio Ulmecas
Azcapotzalco,Casas Alemán
Azcapotzalco,Clavería
Azcapotzalco,Colonia del Gas
Azcapotzalco,Del Maestro
Azcapotzalco,El Rosario
Azcapotzalco,El Recreo
Azcapotzalco,Euzkadi
Azcapotzalco,Ferrería
Azcapotzalco,Fray Pedro de Gante
Azcapotzalco,Hogar y Seguridad
Azcapotzalco,Industrial Vallejo
Azcapotzalco,Jardín Azpeitia
Azcapotzalco,La Preciosa
Azcapotzalco,Liberación
Azcapotzalco,Matías Romero Avedaño
Azcapotzalco,Nueva Santa María
Azcapotzalco,Pasteros
Azcapotzalco,Potrero del Llano
Azcapotzalco,Pro-Hogar
Azcapotzalco,Providencia
Azcapotzalco,Pueblo de Santa Cruz del Monte
Azcapotzalco,Reynosa Tamaulipas
Azcapotzalco,San Álvaro
Azcapotzalco,San Andrés
Azcapotzalco,San Marcos
Azcapotzalco,San Martín Xochináhuac
Azcapotzalco,San Miguel Amantla
Azcapotzalco,San Pedro Xalpa
Azcapotzalco,Santa Apolonia
Azcapotzalco,Santa Bárbara
Azcapotzalco,Santa Catarina
Azcapotzalco,Santa Lucía
Azcapotzalco,Santa María Malinalco
Azcapotzalco,Santa María la Ribera
Azcapotzalco,Tezozómoc
Azcapotzalco,Tlalpexco
Azcapotzalco,Torres Lindavista
Azcapotzalco,Unidad Habitacional El Rosario
Azcapotzalco,Unidad San Pablo Xalpa
Azcapotzalco,Valle de Madero
Azcapotzalco,Popotla
Benito Juárez,Actipan
Benito Juárez,Agrícola Metropolitana
Benito Juárez,Alcaldía Benito Juárez
Benito Juárez,Algarín
Benito Juárez,Álamos
Benito Juárez,Anáhuac
Benito Juárez,Atenor Salas
Benito Juárez,Ciudad de los Deportes
Benito Juárez,Del Valle Centro
Benito Juárez,Del Valle Norte
Benito Juárez,Del Valle Sur
Benito Juárez,Ejercito de Agua Prieta
Benito Juárez,Ermita
Benito Juárez,General Anaya
Benito Juárez,Independencia
Benito Juárez,Insurgentes Mixcoac
Benito Juárez,La Joya
Benito Juárez,Letrán Valle
Benito Juárez,Merced Balbuena
Benito Juárez,Mixcoac
Benito Juárez,Napoles
Benito Juárez,Niños Héroes de Chapultepec
Benito Juárez,Nueva Díaz Ordaz
Benito Juárez,Narvarte Oriente
Benito Juárez,Narvarte Poniente
Benito Juárez,Nueva Santa Anita
Benito Juárez,Nonoalco
Benito Juárez,Piedad Narvarte
Benito Juárez,Portales Norte
Benito Juárez,Portales Oriente
Benito Juárez,Portales Sur
Benito Juárez,San Simón Ticumac
Benito Juárez,Santa Cruz Atoyac
Benito Juárez,Sinatel
Benito Juárez,Tlacoquemécatl del Valle
Benito Juárez,Toriello Guerra
Benito Juárez,Transito
Benito Juárez,Vértiz Narvarte
Benito Juárez,Xoco
Benito Juárez,Zacahuitzco
Coyoacán,Ajusco
Coyoacán,Ampliación Miguel Ángel de Quevedo
Coyoacán,Barrio Acteopan
Coyoacán,Barrio Coyoacán
Coyoacán,Barrio la Fama
Coyoacán,Barrio Niño Jesús
Coyoacán,Barrio San Diego
Coyoacán,Barrio San Lucas
Coyoacán,Barrio Santa Catarina
Coyoacán,Campestre Churubusco
Coyoacán,Carmen
Coyoacán,Copilco el Alto
Coyoacán,Copilco el Bajo
Coyoacán,Culhuacán
Coyoacán,Del Carmen
Coyoacán,El Rosedal
Coyoacán,Espartaco
Coyoacán,Ex Ejido de San Francisco Culhuacán
Coyoacán,Exhacienda de Guadalupe Chimalistac
Coyoacán,General Anaya
Coyoacán,Héroes de Churubusco
Coyoacán,Jardines de Coyoacán
Coyoacán,La Candelaria Coyoacán
Coyoacán,La Concepción
Coyoacán,Lomas de Padierna
Coyoacán,Los Cedros
Coyoacán,Los Cipreses
Coyoacán,Los Olivos
Coyoacán,Los Reyes
Coyoacán,Mirasol
Coyoacán,Nueva Díaz Ordaz
Coyoacán,Nuevo León
Coyoacán,Obrero Popular
Coyoacán,Oxtopulco Universidad
Coyoacán,Pedregal de Santa Ursula
Coyoacán,Pedregal de Santo Domingo
Coyoacán,Pueblo Axotla
Coyoacán,Pueblo Los Reyes
Coyoacán,Pueblo Tepepan
Coyoacán,Residencial Miramontes
Coyoacán,San Francisco Culhuacán
Coyoacán,San Pablo
Coyoacán,Santa Úrsula Coapa
Coyoacán,Santa Úrsula Xitla
Coyoacán,Santo Domingo
Coyoacán,Toriello Guerra
Coyoacán,Xoco
Cuajimalpa de Morelos,Bosque Residencial del Sur
Cuajimalpa de Morelos,Contadero
Cuajimalpa de Morelos,Cuajimalpa
Cuajimalpa de Morelos,El Molinito
Cuajimalpa de Morelos,El Yaqui
Cuajimalpa de Morelos,La Pila
Cuajimalpa de Morelos,Lomas de las Águilas
Cuajimalpa de Morelos,Lomas de Vista Hermosa
Cuajimalpa de Morelos,Memetla
Cuajimalpa de Morelos,Palo Alto
Cuajimalpa de Morelos,Pueblo Cuajimalpa
Cuajimalpa de Morelos,Pueblo San Lorenzo Acopilco
Cuajimalpa de Morelos,Pueblo San Mateo Tlaltenango
Cuajimalpa de Morelos,Pueblo San Pablo Chimalpa
Cuajimalpa de Morelos,Pueblo Santa Rosa Xochiac
Cuajimalpa de Morelos,Ramón Rayón
Cuajimalpa de Morelos,San Bartolomé Xicomulco
Cuajimalpa de Morelos,San Lorenzo Acopilco
Cuajimalpa de Morelos,San Mateo Tlaltenango
Cuajimalpa de Morelos,Santa Fe
Cuajimalpa de Morelos,Vista Hermosa
Cuauhtémoc,Ampliación Asturias
Cuauhtémoc,Asturias
Cuauhtémoc,Atlampa
Cuauhtémoc,Buenavista
Cuauhtémoc,Centro
Cuauhtémoc,Colonia Doctores
Cuauhtémoc,Colonia del Valle
Cuauhtémoc,Cuauhtémoc
Cuauhtémoc,Escandón I Sección
Cuauhtémoc,Escandón II Sección
Cuauhtémoc,Ex Hipódromo de Peralvillo
Cuauhtémoc,Guerrero
Cuauhtémoc,Hipódromo
Cuauhtémoc,Hipódromo Condesa
Cuauhtémoc,Jardín Balbuena
Cuauhtémoc,Juárez
Cuauhtémoc,La Condesa
Cuauhtémoc,Morelos
Cuauhtémoc,Obrera
Cuauhtémoc,Paulino Navarro
Cuauhtémoc,Peralvillo
Cuauhtémoc,Polanco I Sección
Cuauhtémoc,Polanco II Sección
Cuauhtémoc,Polanco III Sección
Cuauhtémoc,Polanco IV Sección
Cuauhtémoc,Polanco V Sección
Cuauhtémoc,Roma Norte
Cuauhtémoc,Roma Sur
Cuauhtémoc,San Rafael
Cuauhtémoc,Santa María la Ribera
Cuauhtémoc,Santa María Nonoalco
Cuauhtémoc,Santa María Ticomán
Cuauhtémoc,Tepito
Cuauhtémoc,Tlatelolco
Cuauhtémoc,Tránsito
Cuauhtémoc,Unidad Habitacional El Rosario
Cuauhtémoc,Vallejo
Cuauhtémoc,Vista Alegre
Gustavo A. Madero,Ampliación Casas Alemán
Gustavo A. Madero,Ampliación Progreso Nacional
Gustavo A. Madero,Aragón
Gustavo A. Madero,Aragón la Villa
Gustavo A. Madero,Atzacoalco
Gustavo A. Madero,Bahías de Santa Bárbara
Gustavo A. Madero,Capultitlan
Gustavo A. Madero,Cascada
Gustavo A. Madero,Casas Alemán
Gustavo A. Madero,Castillo Grande
Gustavo A. Madero,Chalma de Guadalupe
Gustavo A. Madero,Colonia Industrial
Gustavo A. Madero,Colonia Vallejo
Gustavo A. Madero,Cuautepec de Madero
Gustavo A. Madero,Deportivo Pensil
Gustavo A. Madero,El Arbolillo
Gustavo A. Madero,El Paraíso
Gustavo A. Madero,El Risco
Gustavo A. Madero,El Tenayo
Gustavo A. Madero,El Triunfo
Gustavo A. Madero,Escalerillas
Gustavo A. Madero,Ex Ejido de San Juan de Aragón
Gustavo A. Madero,Felipe Carrillo Puerto
Gustavo A. Madero,Gabriel Hernández
Gustavo A. Madero,Guadalupe Tepeyac
Gustavo A. Madero,Guadalupe Victoria
Gustavo A. Madero,Gustavo A. Madero
Gustavo A. Madero,Hogar y Redención
Gustavo A. Madero,Jardín Balbuena
Gustavo A. Madero,Jardines de Guadalupe
Gustavo A. Madero,La Pastora
Gustavo A. Madero,La Pradera
Gustavo A. Madero,Lindavista
Gustavo A. Madero,Luis Donaldo Colosio
Gustavo A. Madero,Malinche
Gustavo A. Madero,Martín Carrera
Gustavo A. Madero,Nueva Atzacoalco
Gustavo A. Madero,Nueva Industrial Vallejo
Gustavo A. Madero,Panamericana
Gustavo A. Madero,Planetario Lindavista
Gustavo A. Madero,Progreso Nacional
Gustavo A. Madero,Pueblo Tepepan
Gustavo A. Madero,San Bartolo Atepehuacan
Gustavo A. Madero,San Bartolo Tenayuca
Gustavo A. Madero,San Felipe de Jesús
Gustavo A. Madero,San Juan de Aragón
Gustavo A. Madero,San José de la Escalera
Gustavo A. Madero,Santa María Ticomán
Gustavo A. Madero,Tepeyac
Gustavo A. Madero,Torres de Lindavista
Gustavo A. Madero,Unidad Habitacional El Risco
Gustavo A. Madero,Unidad San Juan de Aragón
Gustavo A. Madero,Veintiséis de Julio
Gustavo A. Madero,Villa de Guadalupe Xalostoc
Gustavo A. Madero,Villa de las Torres
Iztacalco,Agrícola Oriental
Iztacalco,Álvaro Obregón
Iztacalco,Atzacoalco
Iztacalco,Campestre
Iztacalco,Clínica
Iztacalco,Cuchilla Ramos Millán
Iztacalco,Del Parque
Iztacalco,El Peral
Iztacalco,Gabriel Ramos Millán Bramadero
Iztacalco,Granjas México
Iztacalco,Héroes de Churubusco
Iztacalco,Hogar y Seguridad
Iztacalco,Insurgentes
Iztacalco,Iztacalco
Iztacalco,La Cruz
Iztacalco,La Viga
Iztacalco,Las Arboledas
Iztacalco,Militar Marte
Iztacalco,Pantitlán
Iztacalco,Puebla
Iztacalco,Reforma Política
Iztacalco,Ramos Millán Sección Bramadero
Iztacalco,Ramos Millán Sección Tlacotal
Iztacalco,Ramos Millán Sección Torres
Iztacalco,Río Churubusco
Iztacalco,San José Aculco
Iztacalco,Santa Anita
Iztacalco,Tepalcates
Iztacalco,Unidad Habitacional Banco Nacional del Ejército
Iztacalco,Unidad Habitacional Vicente Guerrero
Iztacalco,Xochimilco
Iztapalapa,Aculco
Iztapalapa,Agrícola Oriental
Iztapalapa,Ampliación Emiliano Zapata
Iztapalapa,Ampliación San Marcos
Iztapalapa,Apatlaco
Iztapalapa,Barrio Caltongo
Iztapalapa,Barrio Loreto y Peña Pobre
Iztapalapa,Barrio San Lucas
Iztapalapa,Barrio San Marcos
Iztapalapa,Barrio San Sebastián
Iztapalapa,Barrio San Simón
Iztapalapa,Borreguero
Iztapalapa,Cabeza de Juárez
Iztapalapa,Campestre Potrero
Iztapalapa,Canal Nacional
Iztapalapa,Carlos Zapata Vela
Iztapalapa,Chinampac de Juárez
Iztapalapa,Constitución de 1917
Iztapalapa,El Manto
Iztapalapa,El Molino
Iztapalapa,El Retoño
Iztapalapa,El Triunfo
Iztapalapa,Emiliano Zapata
Iztapalapa,Ermita Zaragoza
Iztapalapa,Escuadrón 201
Iztapalapa,Ex Ejido de Santa Catarina
Iztapalapa,Fuentes de Zaragoza
Iztapalapa,Granjas Estrella
Iztapalapa,Granjas San Antonio
Iztapalapa,Iztapalapa
Iztapalapa,Jardín Balbuena
Iztapalapa,La Asunción
Iztapalapa,Lomas de Zaragoza
Iztapalapa,Los Ángeles
Iztapalapa,Los Ángeles Apanoaya
Iztapalapa,Los Picos
Iztapalapa,Miravalle
Iztapalapa,Modelo
Iztapalapa,Nueva Díaz Ordaz
Iztapalapa,Palmitas
Iztapalapa,Parque Residencial Coacalco
Iztapalapa,Pedregal de Santo Tomás
Iztapalapa,Plan de Iguala
Iztapalapa,Pueblo de Culhuacán
Iztapalapa,Pueblo Santa Catarina
Iztapalapa,Pueblo Tlalcoligia
Iztapalapa,San Andrés Tetepilco
Iztapalapa,San Antonio Abad
Iztapalapa,San Felipe de Jesús
Iztapalapa,San José Buenavista
Iztapalapa,San Lorenzo Tezonco
Iztapalapa,San Miguel Teotongo
Iztapalapa,San Pablo Xalpa
Iztapalapa,Santa Catarina
Iztapalapa,Santa Cecilia Tepetlapa
Iztapalapa,Santa Crucita
Iztapalapa,Santa María del Monte
Iztapalapa,Santiago Acahualtepec
Iztapalapa,Santiago Sur
Iztapalapa,Sector Popular
Iztapalapa,Tablada
Iztapalapa,Tenorios
Iztapalapa,Tepepan
Iztapalapa,Torres del Potrero
Iztapalapa,Unidad Habitacional El Rosario
Iztapalapa,Unidad Modelo
Iztapalapa,Vergel de Guadalupe
Iztapalapa,Vicente Guerrero
Iztapalapa,Villa Estrella
Iztapalapa,Xalpa
Iztapalapa,Zapotitlán
La Magdalena Contreras,Barranca Seca
La Magdalena Contreras,Barrio el Tanque
La Magdalena Contreras,Barrio San Jerónimo
La Magdalena Contreras,Barrio San Nicolás Totolapan
La Magdalena Contreras,El Toro
La Magdalena Contreras,Fuentes del Pedregal
La Magdalena Contreras,Huayatla
La Magdalena Contreras,Jalalpa el Grande
La Magdalena Contreras,La Carbonera
La Magdalena Contreras,La Concepción
La Magdalena Contreras,La Guadalupe
La Magdalena Contreras,La Joya
La Magdalena Contreras,Las Cruces
La Magdalena Contreras,Las Delicias
La Magdalena Contreras,Las Golondrinas
La Magdalena Contreras,Lomas de Tepemecatl
La Magdalena Contreras,Los Padres
La Magdalena Contreras,Padierna
La Magdalena Contreras,Parajes del Pedregal
La Magdalena Contreras,Pedregal de las Águilas
La Magdalena Contreras,Pilares
La Magdalena Contreras,Pueblo la Magdalena Contreras
La Magdalena Contreras,Pueblo San Bernabé Ocotepec
La Magdalena Contreras,San Ángel Inn
La Magdalena Contreras,San Bernabé Ocotepec
La Magdalena Contreras,San Jerónimo Aculco
La Magdalena Contreras,San Jerónimo Lídice
La Magdalena Contreras,San Nicolás Totolapan
La Magdalena Contreras,Santa Teresa
La Magdalena Contreras,Tetelpan
La Magdalena Contreras,Tierra Unida
La Magdalena Contreras,Vista Hermosa
Miguel Hidalgo,América
Miguel Hidalgo,Ampliación Daniel Garza
Miguel Hidalgo,Ampliación Granada
Miguel Hidalgo,Anáhuac I Sección
Miguel Hidalgo,Anáhuac II Sección
Miguel Hidalgo,Argentina Antigua
Miguel Hidalgo,Argentina Poniente
Miguel Hidalgo,Bosque de Chapultepec I Sección
Miguel Hidalgo,Bosque de Chapultepec II Sección
Miguel Hidalgo,Bosques de las Lomas
Miguel Hidalgo,Chapultepec Morales
Miguel Hidalgo,Daniel Garza
Miguel Hidalgo,El Pino
Miguel Hidalgo,El Rosedal
Miguel Hidalgo,Escandón I Sección
Miguel Hidalgo,Florida
Miguel Hidalgo,Fraccionamiento Lomas de Bezares
Miguel Hidalgo,Fraccionamiento Lomas de Vista Hermosa
Miguel Hidalgo,Fresno
Miguel Hidalgo,Granada
Miguel Hidalgo,Huasteca
Miguel Hidalgo,Irrigación
Miguel Hidalgo,La Mexicana
Miguel Hidalgo,Lomas Altas
Miguel Hidalgo,Lomas Chapultepec I Sección
Miguel Hidalgo,Lomas Chapultepec II Sección
Miguel Hidalgo,Lomas Chapultepec III Sección
Miguel Hidalgo,Lomas Chapultepec IV Sección
Miguel Hidalgo,Lomas Chapultepec V Sección
Miguel Hidalgo,Lomas Chapultepec VI Sección
Miguel Hidalgo,Lomas Chapultepec VII Sección
Miguel Hidalgo,Lomas Chapultepec VIII Sección
Miguel Hidalgo,Lomas de Bezares
Miguel Hidalgo,Lomas de Vista Hermosa
Miguel Hidalgo,Mariano Escobedo
Miguel Hidalgo,Nextitla
Miguel Hidalgo,Observatorio
Miguel Hidalgo,Pensil Norte
Miguel Hidalgo,Pensil Sur
Miguel Hidalgo,Polanco I Sección
Miguel Hidalgo,Polanco II Sección
Miguel Hidalgo,Polanco III Sección
Miguel Hidalgo,Polanco IV Sección
Miguel Hidalgo,Polanco V Sección
Miguel Hidalgo,Popotla
Miguel Hidalgo,Presidente Masaryk
Miguel Hidalgo,San Miguel Chapultepec I Sección
Miguel Hidalgo,San Miguel Chapultepec II Sección
Miguel Hidalgo,Santa Julia
Miguel Hidalgo,Santa Lucía
Miguel Hidalgo,Santa María la Ribera
Miguel Hidalgo,Tacuba
Miguel Hidalgo,Tacubaya
Miguel Hidalgo,Torcida
Miguel Hidalgo,Unidad Residencial Villa Olímpica
Miguel Hidalgo,Verónica Anzures
Miguel Hidalgo,Viceroys
Milpa Alta,Ampliación San Marcos Tlapazola
Milpa Alta,Barrio del Caltongo
Milpa Alta,Barrio San Juan
Milpa Alta,Barrio San Pablo
Milpa Alta,Barrio Santa Martha
Milpa Alta,Cuentepec
Milpa Alta,El Olivar del Conde
Milpa Alta,La Trinidad Tepehualco
Milpa Alta,Los Reyes
Milpa Alta,Milpa Alta
Milpa Alta,San Agustín Ohtenco
Milpa Alta,San Antonio Tecómitl
Milpa Alta,San Bartolomé Xicomulco
Milpa Alta,San Bernabé Ocotepec
Milpa Alta,San Francisco Tecoxpa
Milpa Alta,San Jerónimo Miacatlán
Milpa Alta,San Juan Tepenahuac
Milpa Alta,San Lorenzo Tlacoyucan
Milpa Alta,San Pablo Oztotepec
Milpa Alta,San Pedro Atocpan
Milpa Alta,San Salvador Cuauhtenco
Milpa Alta,Santa Ana Tlacotenco
Milpa Alta,Villa Milpa Alta
Tláhuac,Ampliación Los Olivos
Tláhuac,Barrio la Asunción
Tláhuac,Barrio la Concepción
Tláhuac,Barrio la Guadalupe
Tláhuac,Barrio la Santísima
Tláhuac,Barrio los Reyes
Tláhuac,Barrio San Francisco
Tláhuac,Barrio San Marcos
Tláhuac,Barrio San Miguel
Tláhuac,Barrio San Pablo
Tláhuac,Barrio San Pedro
Tláhuac,Barrio Santa Ana
Tláhuac,Barrio Santa Cecilia
Tláhuac,Barrio Santa Cruz
Tláhuac,Barrio Tepetenchi
Tláhuac,Buenavista
Tláhuac,Del Mar
Tláhuac,El Vergel Tláhuac
Tláhuac,Granjas Cabrera
Tláhuac,Granjas Familiares del Moral
Tláhuac,Ixtayopan
Tláhuac,La Conchita Zapotitlán
Tláhuac,Las Arboledas
Tláhuac,Los Olivos
Tláhuac,Mixteca
Tláhuac,Nopalera
Tláhuac,Oasis
Tláhuac,Pablo Torres Burgos
Tláhuac,Pueblo San Andrés Mixquic
Tláhuac,Pueblo San Juan Ixtayopan
Tláhuac,Pueblo San Nicolás Tetelco
Tláhuac,Pueblo San Pedro Tláhuac
Tláhuac,Pueblo Santa Catarina Yecahuizotl
Tláhuac,Pueblo Tláhuac
Tláhuac,Pueblo Zapotitlán
Tláhuac,San Andrés Mixquic
Tláhuac,San Juan Ixtayopan
Tláhuac,San Pedro Tláhuac
Tláhuac,Santa Cecilia Tepetlapa
Tláhuac,Selene
Tláhuac,Tetelco
Tláhuac,Tláhuac
Tláhuac,Unidad Habitacional San Andrés
Tláhuac,Zapotitlán
Tlalpan,Ajusco
Tlalpan,Ajusco Medio
Tlalpan,Ampliación Fuentes de Tepepan
Tlalpan,Ampliación los Girasoles
Tlalpan,Ampliación Tepepan
Tlalpan,Barrio Calyequita
Tlalpan,Barrio de Canapan
Tlalpan,Barrio de la Luz
Tlalpan,Barrio el Trueno
Tlalpan,Barrio la Cruz
Tlalpan,Barrio San Lucas
Tlalpan,Barrio San Miguel
Tlalpan,Barrio Santa Úrsula
Tlalpan,Bosque del Pedregal
Tlalpan,Coapa
Tlalpan,Colonia Bosques del Pedregal
Tlalpan,Colonia el Encinal
Tlalpan,El Mirador
Tlalpan,Emiliano Zapata 1a Sección
Tlalpan,Emiliano Zapata 2a Sección
Tlalpan,El Molino
Tlalpan,Fuentes de Tepepan
Tlalpan,Granjas Coapa
Tlalpan,Héroe de Nacozari
Tlalpan,Héroes de Padierna
Tlalpan,Huipulco
Tlalpan,La Draga
Tlalpan,La Fama
Tlalpan,La Joya
Tlalpan,Las Cruces
Tlalpan,Lomas de Padierna
Tlalpan,Lomas de Padierna Sur
Tlalpan,Los Girasoles
Tlalpan,Paraje San Juan
Tlalpan,Pedregal de San Nicolás 1a Sección
Tlalpan,Pedregal de San Nicolás 2a Sección
Tlalpan,Pedregal de San Nicolás 3a Sección
Tlalpan,Pedregal de San Nicolás 4a Sección
Tlalpan,Pueblo Chimalcoyotl
Tlalpan,Pueblo de los Reyes
Tlalpan,Pueblo de Magdalena Petlacalco
Tlalpan,Pueblo de San Andrés Totoltepec
Tlalpan,Pueblo de San Miguel Ajusco
Tlalpan,Pueblo San Miguel Xicalco
Tlalpan,Pueblo San Pedro Mártir
Tlalpan,Pueblo Santa Ana Tlacotenco
Tlalpan,Pueblo Santa María Ajoloapan
Tlalpan,Pueblo Tepepan
Tlalpan,Residencial La Escalera
Tlalpan,Residencial Pedregal
Tlalpan,San Buenaventura
Tlalpan,San Lorenzo Huipulco
Tlalpan,San Nicolás Totolapan
Tlalpan,Santa Úrsula Xitla
Tlalpan,Sector Naval
Tlalpan,Tepepan
Tlalpan,Villa Coapa
Tlalpan,Villa Quietud
Tlalpan,Xicalco
Venustiano Carranza,Aeronáutica Militar
Venustiano Carranza,Ampliación Aarón Sáenz
Venustiano Carranza,Ampliación Teotihuacan
Venustiano Carranza,Artes Gráficas
Venustiano Carranza,Aviación Civil
Venustiano Carranza,Barrio Aculco
Venustiano Carranza,Bastopo
Venustiano Carranza,Bocatoma
Venustiano Carranza,Carlos Zapata Vela
Venustiano Carranza,Casa Blanca
Venustiano Carranza,Del Parque
Venustiano Carranza,Defensa Nacional
Venustiano Carranza,El Parque
Venustiano Carranza,Federal
Venustiano Carranza,Jardín Balbuena
Venustiano Carranza,Jamaica
Venustiano Carranza,Jardín Balbuena Norte
Venustiano Carranza,Jardines del Pedregal
Venustiano Carranza,La Cruz
Venustiano Carranza,Moctezuma 1a Sección
Venustiano Carranza,Moctezuma 2a Sección
Venustiano Carranza,Morelos
Venustiano Carranza,Nicolás Bravo
Venustiano Carranza,Peñón de los Baños
Venustiano Carranza,Puebla
Venustiano Carranza,Puerto Aéreo
Venustiano Carranza,Romero Rubio
Venustiano Carranza,Rómulo Sánchez Mireles
Venustiano Carranza,Sinatel
Venustiano Carranza,Siete de Julio
Venustiano Carranza,Tepito
Venustiano Carranza,Unidad Habitacional Esperanza
Venustiano Carranza,Valle Gómez
Venustiano Carranza,Venustiano Carranza
Venustiano Carranza,Victimas del 2 de Octubre
Venustiano Carranza,Vista Alegre
Venustiano Carranza,Xaltocan
Venustiano Carranza,Zona Centro Histórico
Xochimilco,Barrio 18 de Marzo
Xochimilco,Barrio Ampliación San Marcos
Xochimilco,Barrio Belén
Xochimilco,Barrio Caltongo
Xochimilco,Barrio Guadalupe
Xochimilco,Barrio la Asunción
Xochimilco,Barrio la Cruz
Xochimilco,Barrio la Guadalupe
Xochimilco,Barrio la Santísima
Xochimilco,Barrio los Reyes
Xochimilco,Barrio Magdalena
Xochimilco,Barrio San Cristóbal
Xochimilco,Barrio San Diego
Xochimilco,Barrio San Esteban
Xochimilco,Barrio San Juan
Xochimilco,Barrio San Lorenzo
Xochimilco,Barrio San Lucas
Xochimilco,Barrio San Marcos
Xochimilco,Barrio San Mateo
Xochimilco,Barrio San Miguel
Xochimilco,Barrio San Pablo
Xochimilco,Barrio San Pedro
Xochimilco,Barrio Santa Ana
Xochimilco,Barrio Santa Cruz
Xochimilco,Barrio Santa Inés
Xochimilco,Barrio Santa María
Xochimilco,Barrio Santa Martha
Xochimilco,Barrio Santo Tomás Ajusco
Xochimilco,Barrio Xaltocán
Xochimilco,Buenavista
Xochimilco,El Molino
Xochimilco,El Vergel Coapa
Xochimilco,Lomas de Zaragoza
Xochimilco,Pueblo San Andrés Ahuayucan
Xochimilco,Pueblo San Gregorio Atlapulco
Xochimilco,Pueblo San Lucas Xochimanca
Xochimilco,Pueblo San Luis Tlaxialtemalco
Xochimilco,Pueblo San Mateo Xalpa
Xochimilco,Pueblo Santiago Tepalcatlalpan
Xochimilco,Pueblo Santiago Tulyehualco
Xochimilco,Pueblo Santo Tomás Ajusco
Xochimilco,Pueblo Xochimilco
Xochimilco,San Juan Ixtayopan
Xochimilco,San Lucas Xochimanca
Xochimilco,Santa Cruz Acalpixca
Xochimilco,Santa Cruz Xochitepec
Xochimilco,Santa María Nativitas
Xochimilco,Santa María Tepepan
Xochimilco,Santiago Tepalcatlalpan
Xochimilco,Santiago Tulyehualco
Xochimilco,Tepepan
Xochimilco,Xochimilco
